text,true_label,predicted_label,predicted_prob
"यह प्रस्तावित किया गया कि ये चैनल BSkyB पोर्टफोलियो से खेल (इंग्लिश प्रीमियर लीग फुटबॉल सहित), फिल्मों, मनोरंजन और समाचार सहित कई ऑफर प्रस्तुत करेंगे। घोषणा के एक दिन बाद सेतांता स्पोर्ट्स ने पुष्टि कि यह मार्च में डिजिटल टेरेस्ट्रियल प्लेटफॉर्म पर एक सब्सक्रिप्शन सेवा के रूप में लॉन्च किया जायेगा, और उसी दिन एनटीएल की सेवाओं को वर्जिन मीडिया का नाम दिया गया। हालांकि, उद्योग के सूत्रों का मानना है कि संभावित खोए हुए विज्ञापन राजस्व के कारण, BSkyB को अपने चैनल को फ्रीव्यू से हटाने और सब्सक्रिप्शन चैनलों को बदलने की योजना बनाने पर मजबूर होना पड़ेगा।",1,1,0.9999999
"स्ट्रैटिग्राफर: पृथ्वी की दीवारें बनाने वाले महान लोग पृथ्वी पर हमारे वातावरण की जटिलता को समझने के लिए, हमें पिछले वातावरणों की जानकारी होती है। स्ट्रैटिग्राफर, या स्ट्रैटिग्राफर, पृथ्वी की प्राचीन पृथ्वी की परतों को समझने के लिए महत्वपूर्ण भूमिका निभाते हैं। इन्होंने पृथ्वी की दीवारें बनाने में मदद की है, जो हमें प्राचीन प्रक्रियाओं को समझने में मदद करती हैं। स्ट्रैटिग्राफर प्रयोगशाला में उपयोग किए जाते हैं, जहां वे ड्रिल कोर का विश्लेषण करते हैं। ड्रिल कोर एक सेट है जो पृथ्वी की परतों से निकाला जाता है, जो वाली होती है और अक्सर तीन आयामों में होती है। स्ट्रैटिग्राफर ड्रिल कोर का विश्लेषण करते हैं और उन्हें दिखाते हैं",0,1,0.99946874
"कई प्रसिद्ध जर्मन सैन्याधिकारी, सांस्कृतिक, और राजनीतिक हस्तियां एथनिक ह्यूगनॉट थीं , जिनमें कवि  थियोडोर फोंटेन, टैनबर्ग के प्रथम विश्व युद्ध की लड़ाई के नायक; जनरल हरमन वॉन फ्रांस्वा, लुफ्टवाफ़ के जनरल और फाइटर ऐस;  एडॉल्फ गैलैंड, लुफ्टवाफ़ फ्लाइंग ऐस हंस-जोकिम मार्सिले, और प्रसिद्ध यू-बोट कप्तान लोथर वॉन अरनॉल्ड डी ला पेरीयर जैसे महत्वपूर्ण नाम भी शामिल थे । जर्मन डेमोक्रेटिक रिपब्लिक(पूर्व) के अंतिम प्रधानमंत्री,  लोथर डे माइज़ियर, और जर्मन आंतरिक मामलों के संघीय मंत्री, थॉमस डे मेज़ियर भी एक ह्यूगनॉट परिवार के ही वंशज हैं ।",1,1,0.99999726
"सिम्पसन का पहला डॉक्टर हू स्कोर प्लेनेट ऑफ़ जायंट्स (1964) था और उन्होंने 1960 और 1970 के दशक के कई रोमांच के लिए संगीत लिखना शुरू कर दिया, जिसमें द हॉर्न्स ऑफ़ निमोन (1979) के साथ खत्म होने वाली जॉन पर्टवे / टॉम बेकर की अधिकांश कहानियाँ शामिल थीं। उन्होंने द टॅलन्स ऑफ़ वेंग-चियांग (एक संगीत हॉल संचालक के रूप में) में एक कैमियो उपस्थिति भी दी।",1,1,0.99999976
"संख्या की भूमिका और गुणनखंड हैं। The number plays a crucial role in mathematics, particularly in the field of algebra. The number has two main forms: प्राकृत संख्या (natural numbers) and सम्मिश्र संख्या (mixed numbers). प्राकृत संख्या includes all positive integers, while सम्मिश्र संख्या consists of a पूर्ण गुणक (whole number) and a fractional part. The number has several properties, including the concept of गुणनखंड हैं। (factors). These factors are the building blocks of the number, and they are used to determine the number's divisibility and primality. The number is also closely related to the concept of पूर्ण गुणक, which represents the number of times the number can be divided by a specific factor. The number has a central role in the development of mathematics, particularly in the field of algebra. It plays a crucial role in the establishment of theorems and proofs, and it is essential for the understanding of mathematical concepts such as identity, commutativity, and associativity. The number has a significant impact on the development of mathematics, particularly in the field of algebra. It is used to establish the fundamental theorem of algebra, which states that every polynomial equation of degree n can be solved by a unique method. In conclusion, the number plays a vital role in mathematics, particularly in the field of algebra. Its properties and concepts, such as गुणनखंड हैं। and पूर्ण गुणक, are essential for the understanding of mathematical concepts",0,1,0.978496
"ऐसी योग्यताएं हाउस ऑफ कॉमन्स डिसक्वालिफिकेशन एक्ट 1975 और ब्रिटिश नेशनलिटी एक्ट 1981 के तहत पेश की गई थी। विशेष रूप से, सदस्यों को 18 से अधिक उम्र का होना चाहिए और यूनाइटेड किंगडम, आयरलैंड गणराज्य, राष्ट्रमंडल देशों में से एक देश, ब्रिटिश विदेशी क्षेत्र का नागरिक, या ब्रिटेन में एक यूरोपीय संघ का निवासी होना चाहिए। पुलिस और सशस्त्र बलों के सदस्य को स्कॉटिश संसद में निर्वाचित MSP के रूप में बैठने से अयोग्य ठहराया जाता है, और इसी तरह, सिविल सेवकों और विदेशी विधानसभाओं के सदस्यों को अयोग्य घोषित किया जाता है। एक व्यक्ति स्कॉटिश संसद में नहीं बैठ सकता है यदि उसे मानसिक स्वास्थ्य (देखभाल और उपचार) (स्कॉटलैंड) अधिनियम 2003 की शर्तों के तहत पागल माना जाता है।",1,1,0.9999995
"यह अनुमान लगाया जाता है कि अपरिमितता कई युग्म अभाज्य हैं, 2 के अंतर के साथ  अभाज्य का युग्म (ट्विन प्राइम कन्जेक्चर)। पॉलिग्नैक कन्जेक्चर उस कन्जेक्चर की दृढ़ता है, जो यह बताता है कि प्रत्येक धनात्मक पूर्ण संख्या n के लिए, अपरिमित क्रमागत अभाज्य संख्या के अनेकों युग्म हैं जो 2n से भिन्न हैं। यह अनुमान लगाया जाता है कि n2 + 1 रूप एक अपरिमित कई अभाज्य संख्या हैं। ये कन्जेक्चर व्यापक सिनचेज़ल परिकल्पना H के विशेष मामले हैं। ब्रोकार्ड कन्जेक्चर का कहना है कि 2 से बड़ी क्रमागत अभाज्यों के वर्ग के बीच हमेशा कम से कम चार अभाज्य संख्या होती हैं। लीजेंड्रे कन्जेक्चर कहता है कि प्रत्येक धनात्मक पूर्ण संख्या n के लिए n2 और (n + 1)2 के बीच एक अभाज्य संख्या होती है। यह प्रबल क्रेमर कन्जेक्चर द्वारा निहित है।",1,1,0.9981121
"मध्य युग (Middle Ages) का एक महत्वपूर्ण क्षण था, जब मiasma सिद्धांत (Miasma Theory) का प्रभाव था। इस सिद्धांत के अनुसार, बीमारियों का कारण हवा (air) में संक्रमण होता है। इसे केवल मध्य युग में ही माना जाता था, लेकिन यह सिद्धांत कई सदियों तक प्रभावी रहा। इस दौरान महामारी (during epidemic) के समय, चिकित्सा (during medical) दृष्टिकोण में परिवर्तन आया। लोगों ने अपने स्वास्थ्य के लिए स्थिर ज्ञान (stable knowledge) की तलाश में दूर-दूर से सलाह (advice) ली। एकाउन्ट पेरिस (Account of Paris) नामक एक प्रसिद्ध पुस्तक में इन दौरान चिकित्सा के विभिन्न दृष्टिकोणों का वर्णन किया गया है। मेडिकल संकाय (Medical Faculty) के लोगों ने भी इस सिद्धांत का समर्थन किया। जिसमें ""हवा"" के रूप में मiasma को महान महामारी (great epidemic) का कारण माना जाता था। इस सिद्धांत",0,1,0.99999833
"पुराने उपनिवेशों में से कई के पास भूमि के दावे थे जो मनमाने ढंग से पश्चिम तक विस्तारित थे, क्योंकि जब उनके प्रांतीय चार्टर्स को अनुमति दी गई थी तब महाद्वीप की सीमा अज्ञात थी। जबकि उनके जनसंख्या केंद्र  तट के साथ थे, बस्तियां आंतरिक इलाकों में बढ़ रही थीं। नोवा स्कोटिया, जो 1713 में फ्रांस से कब्जा कर लिया गया था, में अभी भी फ्रेंच बोलने वाली एक महत्वपूर्ण आबादी थी। ब्रिटेन ने रूपर्ट की भूमि पर भी दावा किया, जहां हडसन की बे कंपनी ने स्थानीय जनजातियों के साथ फर के लिए कारोबार किया।",1,1,0.99999964
"लुई सोलहवें (Louis XVI) फ्रांस के अठाहरवीं शताब्दी के राजाओं में से एक थे। उन्होंने 1774 से 1792 तक फ्रांस के राजा के रूप में शासन किया। लुई सोलहवें को एक मानवाधिकार विरोधी के रूप में भी जाना जाता है, क्योंकि उन्होंने अपने शासनकाल में कई ऐसे कानून पारित किए जो नागरिकों के अधिकारों को सीमित कर दिया। हुगोनॉट्स फ्रांस से निकाले गए थे, जो एक ईसाई धर्म समूह थे। लुई सोलहवें ने अपने शासनकाल में हुगोनॉट्स के खिलाफ कई कानून पारित किए, जो उनके धर्म और संस्कृति को दबाने के लिए थे। उन्होंने अपने शासनकाल में हुगोनॉट्स के खिलाफ कई सैन्य अभियान भी चलाए। लुई सोलहवें को अपने शासनकाल में कई सैन्य विशेषाधिकार दिए गए थे, जो उन्हें अपने सैन्य अभियानों को आसानी से चलाने",0,1,0.99263495
"इस समय के दौरान नेटवर्क पर कई प्रमुख श्रृंखलाओं की शुरुआत हुई, जिसमें वंश शामिल है, जो आरोन स्पेलिंग का एक शानदार नाटक है। यह 1981 में एक मिडशेन श्रृंखला के रूप में प्रीमियर के बाद हिट हुआ और इसके पाँच महीने बाद स्पेलिंग के दूसरे ABC हिट चार्लीज एंजेल्स का समापन हुआ। हैप्पी डेज़, थ्रीज़ कंपनी, लेवरने और शर्ली और फ़ैंटेसी द्वीप की लगातार सफलताओं के द्वारा 1980 के दशक के आरंभ में नेटवर्क का प्रचार हुआ और टू क्लोज़ फ़ॉर कम्फर्ट, सोप स्पिनऑफ़ बेंसन और हैप्पी डेज़ स्पिनऑफ़ मोर्क एंड माइंडी में नए हिट मिले। 1981 में, ABC (अपने ABC वीडियो सेवा प्रभाग के माध्यम से) ने अल्फा रिपर्टरी टेलीविज़न सर्विस (ARTS) लॉन्च किया जो हर्स्ट कॉरपोरेशन के साथ एक संयुक्त रूप में संचालित केबल चैनल था। यह चैनल सांस्कृतिक और कला प्रोग्राम पेश करता था, जो निकलोडियन के चैनल पर एक रात्रि सेवा के रूप में प्रसारित हुआ।",1,1,0.9999895
"नोवा स्कोटिया में बस्तियां आंतरिक का इतिहास नोवा स्कोटिया में बस्तियां आंतरिक का इतिहास एक जटिल और आकर्षक कहानी है, जो ब्रिटिश उपनिवेशियों के समय से जुड़ी हुई है। जहां हडसन नदी के किनारे बस्तियां आंतरिक की स्थापना 1783 में की गई थी, जो पहली बार ब्रिटिश उपनिवेशियों के समय में की गई थी। इस समय, बस्तियां आंतरिक में कारोबार किया गया था, जिसमें कृषि, पशुपालन और व्यापार शामिल थे। बस्तियां आंतरिक के लोगों ने नियमित रूप से जहां हडसन नदी पर ट्रेड फ्लोट किया, जो ब्रिटिश उपनिवेशियों के लिए महत्वपूर्ण था। नोवा स्कोटिया में बस्तियां आंतरिक की जनसंख्या काफी थी, जो दक्षिण में क्षेत्र की आबादी की तुलना में अधिक थी। बस्तियां आंतरिक के लोगों ने अपनी पास भूमि पर अपने जीवन को बनाया था, जो अज्ञात थ",0,1,0.9991756
"धारणा सूचकांक: भ्रष्टाचार धारणा को देशों में नियंत्रित करने का एक महत्वपूर्ण कदम** भ्रष्टाचार धारणा एक महत्वपूर्ण मुद्दा है जो देशों को प्रभावित करता है। यह धारणा विभिन्न देशों में प्रचलित है और इसके प्रभाव सार्वजनिक क्षेत्रों पर भी दिखाई देते हैं। इस धारणा को नियंत्रित करने के लिए, कई देशों ने रैंक अंतर्राष्ट्रीय संगठनों के साथ मिलकर काम किया है। देशों में भ्रष्टाचार धारणा को नियंत्रित करने के लिए, कई महत्वपूर्ण कदम उठाए गए हैं। इनमें से एक महत्वपूर्ण कदम है कि सरकारें अपने कर्मचारियों को भ्रष्टाचार धारणा के खिलाफ जागरूक करने के लिए प्रयास करती हैं। इसके अलावा, सरकारें अपने सार्वजनिक क्षेत्रों में भ्रष्टाचार धारणा को रोकने के लिए लगाम लगाने के प्रयास करती हैं। हालांकि यह",0,1,0.9969568
"स्ट्रैटिग्राफर भूभौतिकीय सर्वेक्षणों के डेटा का विश्लेषण करते हैं जो उपसतह में स्ट्रैटिग्राफिक इकाइयों के स्थानों को दिखाते हैं। भूभौतिकीय डेटा और कुँए के लॉग को जोड़कर उपसतह का एक बेहतर दृश्य बनाया जा सकता है और स्ट्रैटिग्राफर अक्सर तीन आयामों में ऐसा करने के लिए कंप्यूटर प्रोग्राम का उपयोग करते हैं। स्ट्रैटिग्राफर तब इन आंकड़ों का उपयोग पृथ्वी की सतह पर होने वाली प्राचीन प्रक्रियाओं को फिर से बनाने, पिछले वातावरणों की व्याख्या करने और पानी, कोयला और हाइड्रोकार्बन निष्कर्षण के लिए क्षेत्रों का पता लगाने के लिए कर सकते हैं।",1,1,0.99999785
"होल्डन की घोषणा मई 2013 में हुई, उसी वर्ष दिसंबर में फोर्ड ने इसी निर्णय का अनुसरण करते हुए  (फोर्ड के ब्रॉडमेडो और जिलॉन्ग में विक्टोरियन संयंत्रों को अक्टूबर 2016 को बंद कर दिया ।",1,1,1.0
"यह शायद अहिंसक विरोध के सिद्धांत का पहला आधुनिक [अस्पष्ट] कथन है। लेखक हेनरी डेविड थोरो द्वारा अपने निबंध में सविनय अवज्ञा का एक संस्करण लिया गया था और बाद में सत्याग्रह के अपने सिद्धांत में गांधी द्वारा लिया गया था। गांधी का सत्याग्रह विरोध और राजनीतिक कार्रवाई शेली की अहिंसा से आंशिक रूप से प्रभावित और प्रेरित था। विशेष रूप से, यह भी ज्ञात है कि गांधी अक्सर भारत आज़ादी अभियान के दौरान विशाल दर्शकों के लिए शेली की मास्क ऑफ़ अनार्की का उद्धरण करते थे।",1,1,0.9999995
"यूरोपीय संघ (यूरोपीय संघ) में भारत एक महत्वपूर्ण सदस्य देश है, जो इस संघ के लिए अपने सांस्कृतिक और आर्थिक मूल्यों का समर्थन करता है। यूरोपीय संसद (यूरोपीय संसद) में भारतीय नागरिकों की भागीदारी महत्वपूर्ण है, जो इस संसद में विधायी प्रक्रिया का हिस्सा बनते हैं। यूरोपीय संघ में नागरिकों की भागीदारी की प्रक्रिया में भारतीय नागरिकों को अपने मतदान अधिकारों का प्रयोग करने की अनुमति दी जाती है, जिससे वे संसद में अपने विचारों को व्यक्त कर सकते हैं। यह प्रक्रिया में भारतीय नागरिकों को अपने देश की राजनीतिक और आर्थिक नीतियों के बारे में जागरूक रहने के लिए प्रोत्साहित किया जाता है, जो वास्तव में यूरोपीय संघ में नागरिकों के लिए महत्वपूर्ण है। यूरोपीय संघ",0,1,0.99918526
"मेमोरियल पुरस्कार: एक विजेता का सम्मान मेमोरियल पुरस्कार, जिसे मिल्टन फ्रीडमैन द्वारा नोबेल मेमोरियल पुरस्कार के रूप में जाना जाता है, एक महत्वपूर्ण पुरस्कार है जो विजेताओं को उनके महत्वपूर्ण योगदान के लिए सम्मानित करता है। इस पुरस्कार को 1995 में स्थापित किया गया था और इसका उद्देश्य गैरी बेकर, जॉर्ज स्टिग्लर और रोनाल्ड रीगन के समान रूढ़िवादी ब्रिटिश नेताओं के लिए एक प्रतिबिंब प्रदान करना था। इस पुरस्कार को विजेताओं को उनके काम के लिए मान्यता देने के लिए नियुक्त किया गया है, जिन्होंने अपने क्षेत्र में महत्वपूर्ण योगदान दिया है। पुरस्कार की विजेताओं में मिल्टन फ्रीडमैन, जो नोबेल मेमोरियल पुरस्कार के प्रमुख सलाहकार थे, शामिल हैं। इस पुरस्कार का उद्देश्य एक प्रमुख सलाहकार के रूप",0,1,0.9004718
"मार्लबोरो हाउस, समरसेट हाउस, और पार्क हाउस, तीनों ही महान प्रदर्शनी स्थल हैं। इनमें से कोई भी संग्रह महान है, जो अपने आप में एक अद्वितीय और अनोखा अनुभव प्रदान करता है। फरवरी में इन सभी हाउसों में होने वाले प्रमुख प्रदर्शन संग्रह को देखने के लिए लोगों का बहुत उत्साह होता है। समरसेट हाउस में होने वाले प्रदर्शन संग्रह को देखने के लिए लोगों को अपने आप को दक्षिण केंसिंग्टन में ले जाना पड़ता है। यहाँ का समय संग्राहलय अपने आप में एक क्लासिक है, जो काफी प्रमुख है और लोगों को अपने आप को इसे देखने के लिए मजबूर करता है। मार्लबोरो हाउस में होने वाले प्रदर्शन संग्रह को देखने के लिए लोगों को अपने आप को पार्क हाउस में ले जाना पड़ता है। यहाँ का संग्रह महान है, जो अपने आप में एक अद्वितीय और",0,0,0.099646784
"ट्रोपिकल में वर्षावन में शामिल हैं। फॉरगेट अमज़ोनीएन फ्लोरस्टा अमज़ोनिका और सेल्वा अमज़ोनिका का एक हिस्सा हैं। फ़्लोरस्टा अमज़ोनिका में लगभग 400 बिलियन विशिष्ट पौधे हैं, जो दुनिया के सबसे विविध पौधे के पारिस्थितिक तंत्र का एक महत्वपूर्ण हिस्सा हैं। फ़्लोरस्टा अमज़ोनिका में अधिकांश हिस्सा ब्राजील का है, जो कि दक्षिण अमेरिका का सबसे बड़ा देश है। फ़्रेंच गयाना भी इस क्षेत्र में हिस्सा है, और इसका अधिकांश हिस्सा वर्षावनों में से अधिक वर्षावनों से ढका हुआ है। वर्षा-वन (पुर्तगाली: विल्हेल्मस निम्बो) जाना जाता है कि यह वर्षा के बाद से शुरू होता है, और यहाँ के अधिकांश हिस्से इस वर्षावन में शामिल हैं। दक्षिण अमेरिका के अधिकांश हिस्से में वर्ष",0,1,0.99999464
"इस्टर्न संग्रहों में फार इस्टर्न कला का महत्व पूर्वी एशिया में, इस्टर्न संग्रहों में फार इस्टर्न कला का महत्व अद्वितीय है। इन संग्रहों में चीनी कला, जापानी कला, और कोरियाई कला शामिल हैं। इन कलाओं में पूर्वी संस्कृति की विविधता और समृद्धि को दर्शाया गया है। फार इस्टर्न कला के प्रमुख कार्यों में से एक है उनकी विशेषताओं और रंगों का उपयोग। इन कलाओं में प्राकृतिक रंगों का उपयोग किया जाता है, जैसे कि पेड़ के रंग, मिट्टी के रंग, और आकाश के रंग। यह विशेषता इन कलाओं को अद्वितीय और आकर्षक बनाती है। इसके अलावा, फार इस्टर्न कला में अधिक कला के प्रदर्शन होते हैं। इन कलाओं में जटिल डिज़ाइन, पैटर्न, और आकारों का उपयोग किया जाता है। यह विशेषता इन कलाओं को आकर्षक और मनोरंजक बनाती है। इस्टर्न स",0,1,0.9992207
"सैन डिएगो में पेशेवर खेल का एक समृद्ध इतिहास है। लॉस एंजिल्स के पास, सैन डिएगो में खेल का प्रतिभाशाली इतिहास है, जो लोगों को आकर्षित करता है और उन्हें खेल की दुनिया में लाता है। सैन डिएगो में पेशेवर खेल के प्रमुख स्थलों में से एक है, सैन डिएगो स्टेडियम, जो डिएगो चार्जर्स के घर हैं और एनबीए में प्रतिभागिता करते हैं। स्टेडियम का क्षमता 65,000 है, जो इसे एक बड़े खेल केंद्र बनाता है। दक्षिणी कैलिफ़ोर्निया में, सैन डिएगो में कई अन्य प्रमुख खेल स्थल हैं, जिनमें से एक है पोमोना कोलिसियम, जो एनएचएल में प्रतिभागिता करता है। पोमोना कोलिसियम सैन डिएगो में सबसे बड़े स्टेडियम है, जिसकी क्षमता 67,000 है। सैन डिएगो में पेशेवर खेल के अलावा, शहर में कई अन्य खेल स्थल हैं, जिनम",0,1,0.8552022
"फ़ंक्शन समस्याओं के बारे में जानकारी के लिए हमें अपने लक्ष्यों को समझना होगा। फ़ंक्शन समस्याएं हमारे जीवन में कई मायनों में सुधार ला सकती हैं। फ़ंक्शन समस्याएं में हमारे विचारों को स्पष्ट और संक्षिप्त करने में मदद कर सकती हैं। क्योंकि निर्णय लेने में हमें फ़ंक्शन समस्याओं का उपयोग करना चाहिए। फ़ंक्शन समस्याएं हमारे निर्णयों को सूचीबद्ध करने में मदद कर सकती हैं। उदाहरण के लिए, यदि आप किसी नौकरी के लिए आवेदन कर रहे हैं, तो आप अपने कौशलों और अनुभवों को फ़ंक्शन समस्याओं के रूप में प्रस्तुत कर सकते हैं। हालाँकि फ़ंक्शन समस्याएं थोड़ी अजीब लग सकती हैं, लेकिन वास्तव में वे हमारे जीवन में बहुत महत्वपूर्ण हैं। फ़ंक्शन समस्याएं हमारे विचारों को संक्षिप्त करने में मदद कर सकती हैं, जिससे हमारे निर",0,0,0.034588676
"हालांकि टेमुजिन के विरोधी थे, ओन्गगीरात जनजाति ने उनके साथ विवाह किया और उनका बचाव किया। यह एक अनुलोम विवाह था, जिसमें टेमुजिन के साथ शादी की गई थी और उसके पिता को भी उसकी पत्नी के रूप में स्वीकार किया गया था। कथित तौर पर, तेमुजिन को ओन्गगीरात जनजाति का रक्षक केराइट कहा जाता था, लेकिन वास्तव में, उसने अपने विरोधियों के लिए अपनी जान बचाया। उसने अपने विरोधियों को हराने के लिए अपनी सैन्य शक्ति का उपयोग किया, और उन्हें हराने के बाद, उसने अपने विरोधियों के पास से गुजरने के लिए एक सुरक्षित मार्ग बनाया। तेमुजिन ने अपने विरोधियों के लिए अपनी जान बचाने के लिए एक दिलचस्प रूप में काम किया, जिसमें उसने अपने विरोधियों को चकमा देने के लिए एक सुरक्षित मार्ग बनाया और उन्हें चकमा देने क",0,1,0.98452514
"अंतरराज्यीय राजमार्ग: भारत के विकास में महत्वपूर्ण भूमिका अंतरराज्यीय राजमार्ग (स्टेट रूट) भारत के विकास में एक महत्वपूर्ण भूमिका निभाते हैं। ये राजमार्ग न केवल भारत के बीच संचार और व्यापार को आसान बनाते हैं, बल्कि यह क्षेत्रीय अर्थव्यवस्थाओं को भी विकसित करने में मदद करते हैं। ऊर्ध्वाधर निकासी और मध्य पृथक्करण के माध्यम से, अंतरराज्यीय राजमार्ग भारत को एक मजबूत और सुसंगत राजमार्ग प्रणाली प्रदान करते हैं। यह प्रणाली न केवल भारत के बीच संचार और व्यापार को सुविधाजनक बनाती है, बल्कि यह यह भी सुनिश्चित करती है कि क्षेत्रीय अर्थव्यवस्थाएं अपने विकास को बढ़ावा देने के लिए आवश्यक संसाधनों तक पहुंच प्राप्त कर सकें। हाल के वर्षों में, भारत ने बड़ा अमेरिकी शहर, अमेरिका में अपनी सीधे अंतरराज्य",0,1,0.9994272
"उन्होंने अपने नए नियुक्त प्रधान चांसलर बैजू की मदद से कन्फ्यूशी सिद्धांतों के आधार पर सरकार में सुधार करने के लिए अपने पिता की नीतियों को जारी रखा। उनके शासनकाल के दौरान, उनके पिता के द्वारा शुरू की गयी द युआन टोंग ज़ी (चीनी: 元 通 制 "","" ग्रेट युआन की व्यापक संस्थाएं ""), में युआन राजवंश की संहिता और नियमों का एक विशाल संग्रह संग्रह औपचारिक रूप से प्रख्यापित किया गया था। गेगीन की हत्या एक गुट में हुई थी, जिसमें प्रतिद्वंद्वी गुट के 5 प्रधान और, शायद कन्फ्यूशियस सुधारों का विरोध करने वाले कुलीन वर्ग के लोग थे। उन्होंने येसु टेमर (या ताईदिंगी) को सिंहासन पर बैठाया, और राजकुमारों को शांत करने के असफल प्रयास के बाद, उन्होंने भी आत्महत्या कर ली।",1,1,0.9999999
"पूर्व कोरियाई अर्थशास्त्री होइसिंग चुनाव में नामांकित हैं: आईपीसीसी ब्यूरो आईपीसीसी ब्यूरो ने पूर्व कोरियाई अर्थशास्त्री होइसिंग को चुनाव में नामांकित करने की घोषणा की है, जो वर्तमान में पूर्व कोरिया में उपाध्यक्ष है। होइसिंग ने आईपीसीसी में शामिल होने का फैसला किया है, जो कि पूर्व कोरिया की एक प्रमुख राजनीतिक संगठन है। उन्होंने अपने सामर्थ्य और अनुभव के साथ, आईपीसीसी में महत्वपूर्ण भूमिका निभाने की प्रतिज्ञा की है। आईपीसीसी के वर्तमान अध्यक्ष अध्यक्ष राजेन्द्र हैं, जो वर्तमान में चुनाव में शामिल हैं। हालांकि, पूर्व अध्यक्ष इस्माइल भी चुनाव में शामिल हैं, जो आईपीसीसी के पूर्व अध्यक्ष थे। इस चुनाव में, आईपीसीसी के सदस्यों को चुनाव में भाग लेने के ल",0,1,0.9998789
"निजी क्षेत्र तब से बढ़ा है। रंगभेद के उन्मूलन के बाद, दक्षिण अफ्रीका में निजी शिक्षा को नियंत्रित करने वाले कानूनों में काफी बदलाव आया। 1996 का दक्षिण अफ्रीकी स्कूल अधिनियम स्कूलों की दो श्रेणियों को मान्यता देता है: ""सार्वजनिक"" (राज्य-नियंत्रित) और ""स्वतंत्र"" (जिसमें पारंपरिक निजी स्कूल और वह स्कूल शामिल हैं जो निजी तौर पर संचालित होते हैं [स्पष्टीकरण की जरूरत है]।)",1,1,0.9999999
"। प्रजातंत्रवादी, जो पहले साम्राज्य के विरोधी थे, सहायक बन गये जब जर्मनी ने अपना स्वयं का औपनिवेशिक साम्राज्य बनाना शुरू कर दिया। जैसे यह विकसित हुआ, नए साम्राज्य ने फ्रांस के साथ व्यापार में भूमिका निभाई, कच्चे माल की आपूर्ति की और निर्मित वस्तुओं की खरीद की, साथ ही मातृभूमि को प्रतिष्ठा प्रदान किया और फ्रांसीसी सभ्यता और भाषा के साथ-साथ कैथोलिक धर्म का प्रसार किया। इसने दोनों विश्व युद्धों में महत्वपूर्ण जनशक्ति भी प्रदान की।",1,1,1.0
"राजमार्गों के निर्माण ने निवासियों को उपनगरों में नए आवास में बसने का रास्ता मिला। द्वितीय विश्व युद्ध के बाद, युद्ध के उपरांत आये उछाल में जैक्सनविल शहर की सरकार ने नए सार्वजनिक निर्माण परियोजनाओं को निधि देने के लिए खर्च बढ़ाना शुरू किया। मेयर डब्ल्यू. हेडन बर्न्स की जैक्सनविल स्टोरी के परिणामस्वरूप एक नए सिटी हॉल, सिविक ऑडिटोरियम, सार्वजनिक पुस्तकालय और अन्य परियोजनाओं का निर्माण हुआ जिसने नागरिक गौरव की एक शक्ति-युक्त भावना पैदा की। हालांकि, उपनगरों का विकास और मध्यम वर्ग की ""व्हाइट फ्लाइट"" लहर ने जैक्सनविले को पहले की तुलना में बहुत गरीब आबादी के साथ छोड़ दिया। शहर की सबसे अधिक आबादी वाले जातीय समूह, गैर-हिस्पैनिक श्वेत, 1970 में 75.8% से गिरकर 2010 तक 55.1% हो गये।",1,1,0.9999999
"क्रॉस-सेक्शनल क्षेत्र) has been widely used in various fields, including physics and engineering. It is a fundamental concept in the study of stress and strain, and is used to calculate the pressure exerted on an object. A cross-sectional area is the area of a two-dimensional shape that is perpendicular to the direction of the force or pressure being applied. It is an important concept in understanding the behavior of materials under stress, and is used to calculate the stress intensity factor (स्ट्रेस इंटेंसिटी फैक्टर) in materials science. In physics, the cross-sectional area is used to calculate the pressure exerted on an object, while in engineering, it is used to design and analyze structures such as bridges, buildings, and pipelines. The cross-sectional area is also used in the study of fluid dynamics, where it is used to calculate the pressure exerted on a fluid by a moving object. The cross-sectional area is an important concept in understanding the behavior of materials under stress, and is used in various applications, including the design of machines, mechanisms, and devices. It is also used in the study of structural integrity, where it is used to calculate the stress intensity factor in materials. In general, the cross-sectional area is calculated using the formula: A = L x W, where A is the cross-sectional area, L is the length, and W is the width. The cross-sectional area is also related to the stress intensity factor, which is a measure of the severity of the stress. The cross-sectional area is an important concept in the study of stress and strain, and is used in",0,0,0.08901777
"ये क्लेड्स (जिन्हें विलुप्त माना जाता है) आधुनिक Y. pestis उपभेदों के आधुनिक आइसोलेट्स Y. p.  orientalis and Y. p. medievalis के पैतृक पाए गए थे। यह दर्शाता है कि यूरोप में प्लेग ने दो तरंगों में प्रवेश किया होगा। फ्रांस और इंग्लैंड में बने हुए प्लेग पिट का सर्वेक्षण दर्शाता है कि पहले वैरिएंट ने यूरोप में मार्च 1347 के आसपास मार्सिले के रास्ते प्रवेश किया और अगले दो वर्षों में फ्रांस में फैलकर, आखिरकार 1349 के वसंत में इंग्लैंड पहुँच गया। वहाँ यह तीन महामारियों द्वारा पूरे देश में फैल गया। डच शहर बर्गन ऑप ज़ूम के प्लेग पिट के सर्वेक्षण ने 1350 में लो कन्ट्रीज़ में फैली महामारी के कारक Y. pestis जीनोटाइप को ब्रिटेन और फ्रांस से भिन्न पाया। यह दर्शाता है कि बर्गन ऑप ज़ूम (और सम्भवतः दक्षिणी नीदरलैंड के अन्य हिस्से) 1349 में इंग्लैंड या फ्रांस से सीधे संक्रमित नहीं हुआ था और ब्रिटेन एवं फ्रांस से अलग प्लेग की दूसरी लहर का सुझाव देता है, जो कि लो कन्ट्रीज़ में नॉर्वे, हैन्सेटिक शहरों या किसी अन्य साइट से आई होगी।",1,1,0.9989477
"तरल ऑक्सीजन का व्यावसायिक उपयोग तरल ऑक्सीजन का व्यावसायिक उपयोग बहुत ही महत्वपूर्ण है, जो विभिन्न क्षेत्रों में किया जाता है। जैसे कि औद्योगिक प्रक्रियाओं में, तरल ऑक्सीजन का उपयोग हेतु तरल के रूप में किया जाता है, जिससे विभिन्न रसायनों को बनाने में मदद मिलती है। इसके अलावा, तरल ऑक्सीजन का उपयोग विशेष रूप से स्कॉटिश मूल के रसायनशास्त्री जेम्स डेवार द्वारा पर्याप्त तरल ऑक्सीजन बनाने के लिए किया गया था। जेम्स डेवार ने डेवार अध्ययन के माध्यम से तरल ऑक्सीजन की उत्पत्ति की प्रक्रिया सर्वप्रथम जर्मन रसायनशास्त्री कार्ल वॉन लauenबर्ग द्वारा की गई थी। इसके बाद, डेवार ने तरल ऑक्सीजन का उपयोग विभिन्न उद्योगों में किया जाने लगा। जैसे कि ऑक्सीजन बनाने के लिए, तर",0,1,0.99993587
"प्लेग इस्लामी दुनिया में 1500 और 1850 के बीच हर साल कम से कम एक स्थान पर हमेशा मौजूद था। प्लेग ने उत्तरी अफ्रीका के शहरों को बार-बार मारा। अल्जीयर्स ने 1620-21 में 30 से 50 हजार निवासियों को और फिर से 1654–57, 1665, 1691 और 1740-42 में खो दिया  । 19 वीं सदी की दूसरी तिमाही तक ओटोमन समाज में प्लेग एक बड़ी घटना बनी रही। 1701 और 1750 के बीच, कॉन्स्टेंटिनोपल में 37 बार बड़ी और छोटी महामारी दर्ज की गई, और 1751 और 1800 के बीच 31 बार। बगदाद भी प्लेग से गंभीर रूप से पीड़ित रहा है, और कभी-कभी इसकी दो तिहाई आबादी मारी गई।",1,1,0.99999976
"हार्वर्ड कॉलेज का इतिहास हार्वर्ड कॉलेज, अमेरिका के न्यू इंग्लैंड राज्य में स्थित एक प्रतिष्ठित विश्वविद्यालय है। यह कॉलेज 1636 में स्थापित किया गया था और तब से यह अमेरिकी शिक्षा के इतिहास में एक महत्वपूर्ण भूमिका निभाता रहा है। हार्वर्ड कॉलेज को ""अधिक चयनात्मक"" माना जाता है, जिसका अर्थ है कि यह केवल सबसे अच्छे और प्रतिभाशाली विद्यार्थियों को स्वीकार करता है। हार्वर्ड कॉलेज की स्थापना मासाचुसेट्स के गवर्नर बिल्लिंग्सपी होअर्ट के विरोध में की गई थी, जिन्होंने उस समय स्कूलों को शिक्षित करने के लिए अधिकार दिया था। हार्वर्ड कॉलेज का उद्देश्य स्कूली शिक्षा को बेहतर बनाने और छात्रों को उच्च शिक्षा प्रदान करने के लिए था। हार्वर्ड कॉल",0,1,0.99999344
"वह 1908 में लाहौर वापस आ गया। कानूनी अभ्यास और दार्शनिक कविता के बीच अपने समय को विभाजित करते हुए, इकबाल मुस्लिम लीग में सक्रिय रहे। उन्होंने प्रथम विश्व युद्ध में भारतीय भागीदारी का समर्थन नहीं किया और मुहम्मद अली जौहर और मुहम्मद अली जिन्ना जैसे मुस्लिम राजनीतिक नेताओं के साथ निकटता से संपर्क में रहे। वे मुख्यधारा के भारतीय राष्ट्रवादी और धर्मनिरपेक्षतावादी भारतीय राष्ट्रीय कांग्रेस के आलोचक थे। इकबाल के सात अंग्रेजी व्याख्यान ऑक्सफोर्ड यूनिवर्सिटी प्रेस द्वारा 1934 में एक किताब,  जिसका शीर्षक था द रीकंस्ट्रक्शन ऑफ रिलिजियस थॉट इन इस्लाम, में प्रकाशित किए गए। ये व्याख्यान इस्लाम धर्म के साथ-साथ आधुनिक युग में राजनीतिक और कानूनी दर्शन पर आधारित हैं।",1,1,0.9999963
"बोर्ते की टेमुजिन से शादी के तुरंत बाद, मर्किट्स ने उसे अगवा कर लिया गया था और कथित तौर पर पत्नी के रूप में रख लिया गया था। तेमुजिन ने अपने दोस्त और भावी विरोधी, जमूखा और उसके रक्षक केराइट जनजाति के तोघरुल खान की मदद से उसे बचाया। उसने पितृत्व के मुद्दे को हवा देते हुए, नौ महीने बाद, एक बेटे जोकी (1185 -1226) को जन्म दिया। जोकी पर अटकलबाज़ियों के बावजूद, बोर्ते टेमुजिन की एकमात्र साम्राज्ञी होने वाली थी, हालांकि टेमुजिन ने परंपराओं  का पालन करते हुए कई अनुलोम विवाह किये।",1,1,0.9999994
"अक्षर (यानी 'अ' की संख्या) की सीमा का पालन करते हुए, कम्प्यूटेशनल समस्याओं का समाधान करने के लिए हमें हमेशा सोचा जाना चाहिए। वास्तविक दुनिया में हमें अक्सर गणितीय समस्याओं का सामना करना पड़ता है, और इन्हें हल करने के लिए हमें वास्तविक दुनिया से जुड़ी समस्याओं को हल करने के तरीके खोजने होते हैं। अलावा, गणितीय ऑब्जेक्ट को एन्कोड करके और बाइनरी नोटेशन का उपयोग करके हम इन समस्याओं को हल करने के लिए उपयुक्त रूप से संशोधित कर सकते हैं। उदाहरण के लिए, गणितीय ऑब्जेक्ट को बाइनरी नोटेशन में एन्कोड करके, हम इन्हें कम्प्यूटेशनल समस्याओं के रूप में प्रस्तुत कर सकते हैं। हालांकि, कम्प्यूटेशनल समस्याओं का समाधान करने के लिए हमें हमेशा सोचा जाना चाहिए। वास्तविक दुनिया में हमें अक्सर गणितीय",0,1,0.99982005
"भाषा में विशिष्ट रूप का महत्व क्या है? भाषा में विशिष्ट रूप का अर्थ है कि कोई शब्द या वाक्य एक विशिष्ट रूप में होता है जो उस शब्द या वाक्य के अर्थ को दर्शाता है। यह शब्द या वाक्य के अर्थ को पूरी तरह से प्रकट करने में मदद करता है और भाषा के अर्थ को स्पष्ट करने में सहायक होता है। उदाहरण हैं: ""मैं एक सुंदर दिन की कामना करता हूँ""। यह वाक्य एक विशिष्ट रूप में है जो उस वाक्य के अर्थ को दर्शाता है। यह वाक्य का अर्थ है कि आप एक सुंदर दिन की कामना कर रहे हैं और आप इस दिन को अच्छा मानते हैं। अक्सर दूसरा शब्द या वाक्य ""अर्थ में"" विशिष्ट रूप का उपयोग करता है। उदाहरण हैं: ""मैंने अपने दोस्त को एक सुंदर दिन की कामना की है।"" यह वाक्य एक विशिष्ट रूप में है जो उस वाक्य के अर्थ को दर",0,1,0.97543913
"आलोचना की जाती है कि संकट के बाद से अमरीकी ऊर्जा नीतियों पर  संकट-मानसिकता की सोच हावी हो गई है, जो ऐसे महंगे त्वरित सुधारों और एकल- लघु समाधानों को बढ़ावा देती हैं जो कि बाजार और प्रौद्योगिकी वास्तविकताओं को नजरअंदाज करते हैं। उद्यमशीलता और नवाचार के लिए बहुत गुंजाइश छोड़ते हुए बुनियादी अनुसंधान का समर्थन करने वाले स्थिर नियमों को प्रदान करने के बजाय, राष्ट्रीय विधायी निकायों और राष्ट्रपतियों ने बार-बार उन नीतियों का समर्थन किया है, जो राजनीतिक रूप से वांछनीय हैं, लेकिन उनकी संभावनाएं संदिग्ध हैं।",1,1,0.9999999
"भाप टर्बाइनों का उपयोग आधुनिक कोयला चालित विद्युत स्टेशनों में कार्यात्मक द्रव (Work Fluid) के रूप में किया जाता है। यह द्रव पदार्थ विशेष स्तर पर भाप उत्पन्न करता है जो सामन्यतः कार्यात्मक (typically effective) होता है। रैंकिन चक्र (Rankine Cycle) के माध्यम से, यह द्रव पदार्थ को ऊर्जा उत्पन्न करने के लिए प्रयोग किया जाता है। रैंकिन चक्र में एक महत्वपूर्ण कारक है कारण रैंकिन (Rankin's cause), जो एक प्रकार की स्थिति है जिसमें द्रव पदार्थ का दबाव और तापमान में संबंध होता है। इस स्थिति को समझने से हमें यह समझने में मदद मिलती है कि क्यों भाप टर्बाइनों में कार्यात्मक द्रव का उपयोग किया जाता है। कार्यात्मक द्रव के उपयोग से हमें छोटी सीमा में ऊर्जा उत्पन्न करने की संभावना मिलती है, जो कि आधुनिक विद्युत स्टेशनों में महत्वप",0,1,0.9992976
"मानक मॉडल, सिद्धांत में, मॉडल बलों, एकीकरण मॉडल, इलेक्ट्रोवीक सिद्धांत, है। मानक, चुंबकीय बलों, चुम्बकीय बलों, मॉडल अधूरा, मॉडल विकसित, में एकीकृत, भौतिकी में प्रयास में, सार्वभौमिक सिद्धांत, तर्कयुक्त सिद्धांत The article discusses the development of the standard model of particle physics, which is a theory that describes the behavior of fundamental particles and forces. The standard model is a fundamental concept in physics, and its development is a testament to the power of human ingenuity and scientific inquiry. In the standard model, the behavior of fundamental particles is described using a set of mathematical equations, known as the Lagrangian. The Lagrangian is a mathematical framework that describes the dynamics of particles and forces, and it is used to predict the behavior of particles in various physical systems. The standard model is based on a set of postulates, which are the fundamental principles that govern the behavior of particles and forces. The postulates include the concept of symmetry, which is a fundamental concept in physics that describes the behavior of particles and forces under certain conditions. The standard model has been widely accepted as a fundamental theory in physics, and it has been successful in predicting the behavior of particles in various physical systems. The model has been developed and refined over time, and it continues to be an active area of",0,1,0.98856354
"1967 के धारावाहिक, टॉम्ब ऑफ़ साइबरमैन में, जब विक्टोरिया वाटरफील्ड को संदेह होता है तो डॉक्टर अपने परिवार को, ""इतना प्राचीन होने के कारण"", याद कर सकते हैं,  डॉक्टर का कहना है कि वह तभी कर सकता है जब वह वास्तव में चाहता है - ""बाकी समय वे मेरा मन में सोते हैं ""।2005 के धारावाहिक से पता चलता है कि नौवें डॉक्टर ने सोचा कि वह अंतिम जीवित समय देवता था, और यह कि उनका घर ग्रह नष्ट हो गया था; ""द एम्प्टी चाइल्ड"" (2005) में, डॉ. कॉन्सटेंटाइन कहते हैं, ""युद्ध शुरू होने से पहले, मैं एक पिता और एक दादा था। अब मैं दोनों ही नहीं हूं।"" डॉक्टर ने जवाब में कहा, ""हां, मुझे इसका एहसास है।"" ""स्मिथ एंड जोन्स"" (2007) में, जब उनसे पूछा गया कि क्या उनका कोई भाई है, तो उन्होंने जवाब दिया, ""नहीं, अब नहीं है।"" ""फियर हर"" (2006) और ""द डॉक्टर्स डॉटर"" (2008) दोनों में, वह कहते है कि अतीत में वह एक पिता थे।",1,1,0.9999951
"यह डुवल काउंटी की काउंटी सीट है, जिसे शहर की सरकार ने 1968 में समाहित किया था। सम्मिलन ने जैक्सनविल को अपना बड़ा आकार दिया और अपनी अधिकांश महानगरीय आबादी को शहर की सीमा के कर भीतर दिया; 2014 में 853,382 की अनुमानित जनसंख्या के साथ, यह फ्लोरिडा और दक्षिण पूर्व में सबसे अधिक आबादी वाला, और संयुक्त राज्य अमेरिका में 12 वां सबसे अधिक आबादी वाला शहर है। जैक्सनविल 2010 में 1,345,596 की आबादी के साथ, जैक्सनविल महानगरीय क्षेत्र का प्रमुख शहर है।",1,1,0.99999976
"चीनी कला की T. T. Tsui गैलरी को 1991 में खोला गया, जिसमें V&As और चीन की लगभग 16,000 वस्तुएँ, जो आज से 4th BC तक के थे, का प्रतिनिधि संग्रह प्रदर्शित किया गया। यद्यपि कला के अधिकांश वस्तुएँ मिंग और किंग राजवंशों तक की हैं, यहाँ तांग राजवंश और उससे पहले के वस्तुओं के उत्तम उदाहरण भी हैं। विशेष रूप से बुद्ध का एक मीटर ऊंचा कांस्य सिर जो 750 AD का था और सबसे पुरानी वस्तुओं में से एक 2000 साल पुराने दफनाए गये जेड घोड़े का सिर था। अन्य मूर्तियों में पूर्णकाय कब्र संरक्षक शामिल हैं। चीनी निर्माण के क्लासिक उदाहरण प्रदर्शित किये गये हैं जिनमें लाह, रेशम, चीनी मिट्टी के बर्तन, जेड और क्लोइज़न एनामेल शामिल हैं। रेशम पर वाटर कलर में चित्रित दो बड़े पूर्वजों, पति और पत्नी, के चित्र 18 वीं शताब्दी के थे। मिंग राजवंश के ज़ूंडे सम्राट के शासनकाल के दौरान शाही कार्यशालाओं में चीनी लाह से बनाई गई एक अनूठी मेज है। कपड़ों के उदाहरण भी प्रदर्शित किए गये हैं। सबसे बड़ी वस्तुओं में एक 17 वीं शताब्दी के मध्य का एक बेड है। समकालीन चीनी डिजाइनरों के काम भी प्रदर्शित किये गये हैं।",1,1,0.9999049
"भारत में राष्ट्रीय विधायी कारण अक्षय से जुड़ी गतिविधियों में एक महत्वपूर्ण भूमिका निभाती है। घरेलू जीवाश्म ईंधन के संकट को दूर करने के लिए, सरकार ने त्वरित सुधारों को बढ़ावा देने के लिए कई कदम उठाए हैं। ईंधन में रुचि पैदा करने के लिए, सरकार ने कई प्रौद्योगिकी वास्तविकताओं (वीआर) और स्मार्ट ग्रिड परियोजनाओं को बढ़ावा दिया है। महंगे त्वरित सुधारों के बजाय, सरकार ने एकल-लघु और लघु समाधानों को बढ़ावा देने के लिए कदम उठाए हैं। यह विधायी सुधारों को स्थापित करने में मदद करता है और विकास को तेज करने में मदद करता है। सोच हावी होने पर, घरेलू जीवाश्म ईंधन के संकट को दूर करने के लिए, सरकार ने बुनियादी अनुसंधान को बढ़ावा देने के लिए कई कदम उठाए हैं। प्रौद्योगिकी वास्तविकताओं",0,1,0.9998431
"परमाणु रिएक्टर एक ऐसा मशीन है जो विभिन्न स्रोतों से ऊर्जा प्राप्त करती है, जिनमें से कुछ ऊष्मा स्रोत भी शामिल हैं। यह ऊर्जा को दहन कक्ष में भेजकर उत्पन्न की जाती है, जहां यह ऊर्जा को विद्युत ऊर्जा में परिवर्तित की जाती है। ऊर्जा के विभिन्न स्रोतों का उपयोग करके, परमाणु रिएक्टर विभिन्न प्रकार की ऊर्जा उत्पन्न कर सकते हैं। इनमें से कुछ सामान्य स्रोत हैं - सौर ऊर्जा, ज्वलनशील सामग्री और भूतापीय ऊर्जा। सौर ऊर्जा से उत्पन्न ऊर्जा को दहन कक्ष में भेजकर उत्पन्न किया जाता है, जबकि ज्वलनशील सामग्री का उपयोग करके भूतापीय ऊर्जा उत्पन्न की जाती है। परमाणु रिएक्टर में ज्वलनशील सामग्री के रूप में काम करने वाले तत्व ऊष्मीय तत्व होते हैं। ये तत्व उचित प्रवाह में",0,1,0.98367864
"इस ग्राफ ने 1995 की आईपीसीसी की दूसरी मूल्यांकन रिपोर्ट में चित्र 3.20 में वैसे ही ग्राफ को विस्तृत किया और वह प्रथम मूल्यांकन रिपोर्ट में एक आरेख से भिन्न था जिसमें तापमान इकाई की कमी थी, लेकिन पिछले 1000 वर्षों से वृहद वैश्विक तापमान परिवर्तन और बीसवीं के मध्य की अपेक्षा मध्य युगीन गर्म काल के दौरान उच्चतर तापमान को चित्रित करता दिखाई दिया। एमबीएच99 के परिणाम जोन्स एट अल 1998, पोलाक, हुआंग एवं शेन 1998, क्रोएली एवं लौरी 2000, और ब्रिफ़्फ़ा 2000 द्वारा विभिन्न आंकड़ों और विधियों का प्रयोग करके उद्धृत पुनर्निर्माणों द्वारा समर्थित थे। आरेख आंकड़ों का वास्तविक प्लाट नहीं था, और इंग्लैंड के मध्य युगीन अंगूरों के बागों के अभिलेखीय प्रमाण के आधार पर तापमान वृद्धि के साथ मध्य इंगलैंड में तापमानों के रेखाचित्र पर आधारित था।",1,1,0.99999833
"न्यू इंग्लैंड में बाउल XLIX के चैंपियन न्यू इंग्लैंड पैट्रिओट्स ने सीज़न के अंतिम तीन मिनट में अपनी टीम को 28-3 से हराया। स्टेडियम में पूरी तरह से बंद होने के बाद, पैट्रिओट्स ने 28-3 की एक स्पष्ट विजय प्राप्त की, जिससे उन्होंने नियमित सीज़न में 18-1 की शानदार प्रदर्शन किया। गेम में पैट्रिओट्स के क्वार्टरबैक कैमरन टूथ ने बाउल XLIX में उनके पूर्व खिलाड़ी टॉम ब्रेडी के प्रदर्शन को देखते हुए, 28 अंकों की एक शानदार प्रदर्शन किया। उन्होंने 28 अंकों के साथ गेम को सुरक्षित करने के लिए सेकंड रहते में एक शानदार प्रदर्शन किया। चैंपियन न्यू इंग्लैंड पैट्रिओट्स ने डिवीजनल राउंड में पिट्सबर्ग स्टीलर्स को हराकर अपनी विजय की शुरुआत की। उन्होंने 3-0 क",0,1,0.9999343
"ग्रिंजर मार्केट, इंग्लैंड के एक सुंदर शहर ग्रिंजर टाउन में स्थित है, जो अपने खूबसूरत बाजारों, भव्य रात्रिभोज और आकर्षक आर्ट गैलरी के लिए जाना जाता है। यहाँ पर मेहमानों को एक अद्भुत अनुभव प्रदान किया जाता है, जो इंग्लैंड की संस्कृति और इतिहास को समझने का अवसर प्रदान करता है। ग्रिंजर टाउन में स्थित ग्रिंजर मार्केट, इंग्लैंड का पहला इनडोर बाजार है, जो 1971 में खुला था। यहाँ पर मेहमानों को विभिन्न प्रकार की चीजें खरीदने का अवसर मिलता है, जैसे कि स्थानीय उत्पाद, सौंदर्य उत्पाद और अन्य सामग्री। ग्रिंजर मार्केट की दीवारों पर लगे लॉइंग आर्ट और स्टील मूर्तियाँ भी आकर्षक हैं। ग्रिंजर टाउन की सुंदर बुनियादी ढांचे को देखते हुए, यहाँ पर इंग्लिश हीरोेज़ के लिए आर्किटेक्चर इंग्लिश का एक",0,1,0.9986161
"1901 की जनगणना के अनुसार, 711,988 निवासियों में से 56.2% कैथोलिक, 35.7% यहूदी, 5% ग्रीक रूढ़िवादी ईसाई और 2.8% प्रोटेस्टेंट थे। आठ साल बाद, 1909 में, 281,754 यहूदी (36.9%), 18,189 प्रोटेस्टेंट (2.4%) और 2,818 मारियाविट्स (0.4%) थे। इसके चलते कस्बे के सभी हिस्सों में सैकड़ों धार्मिक स्थलों का निर्माण हुआ। उनमें से अधिकांश 1944 के वारसॉ विद्रोह के बाद नष्ट हो गए थे। युद्ध के बाद, पोलैंड के नए कम्युनिस्ट अधिकारियों ने चर्च निर्माण को हतोत्साहित किया और केवल कुछ का ही पुनर्निर्माण किया गया।",1,1,0.99999976
"जिसका शाब्दिक अर्थ हिंदी में 'रॉकेट प्रणोदक' है, 'ὀξύς ऑक्सिस' या 'हाइड्रोजन ऑक्साइड' का उपयोग करके उत्पादित एक तरल पदार्थ है जो इंजीनियरिंग में विशेष रूप से उपयोग किया जाता है। यह एक महत्वपूर्ण सामग्री है जो इंजन के रॉकेट में उपयोग की जाती है, जो इंजन की कार्यक्षमता को बढ़ाती है और अंतरिक्ष उड़ान के लिए आवश्यक है। उत्पादन चक्र में रॉकेट प्रणोदक का उपयोग शामिल है, जिसमें हाइड्रोजन ऑक्साइड को गैस सेल के साथ मिलाया जाता है, जिससे वाष्प द्वारा उत्पादित ऊर्जा इंजन को शक्ति प्रदान करती है। यह प्रक्रिया इंजन की कार्यक्षमता को बढ़ाने में मदद करती है और अंतरिक्ष उड़ान के लिए आवश्यक है। रॉकेट प्रणोदक के नाम सर्वप्रथम कार्ल विल्हेम शीले ने दिया था, जो एक जर्मन वैज्ञानिक थे। हालांकि, खोज स्वत",0,1,0.9991893
"उदाहरण के लिए, आइजैक न्यूटन ने पृथ्वी की सतह पर गिरने वाली वस्तुओं के लिए जिम्मेदार बल के साथ आकाशीय यांत्रिकी की कक्षाओं के लिए जिम्मेदार बल को गुरुत्वाकर्षण के अपने सार्वभौमिक सिद्धांत में एकीकृत किया। माइकल फैराडे और जेम्स क्लर्क मैक्सवेल ने प्रदर्शित किया कि विद्युत और चुंबकीय बलों को विद्युत चुंबकत्व के एक तर्कयुक्त सिद्धांत के माध्यम से एकीकृत किया गया था। 20 वीं शताब्दी में, क्वांटम यांत्रिकी के विकास ने एक आधुनिक समझ को पैदा किया कि पहले तीन मौलिक बल (गुरुत्वाकर्षण को छोड़कर सभी) सभी पदार्थों (fermions) के प्रस्फुटन होते हैं, जो हिग्ग्स बोसॉन नामक आभासी कणों का आदान-प्रदान कर रहे होते हैं। कण भौतिकी का यह मानक मॉडल बलों को अवस्थिति करता है और वैज्ञानिकों को इलेक्ट्रोवीक सिद्धांत में कमजोर और विद्युत चुम्बकीय बलों के एकीकरण का अनुमान देता है। मानक मॉडल का पूर्ण निरूपण एक अभी तक अप्रमाणित हिग्स प्रणाली की भविष्यवाणी करता है, लेकिन न्यूट्रिनो दोलन जैसी निगरानियों से संकेत मिलता है कि मानक मॉडल अधूरा है। एक महान एकीकरण थ्योरी जो कि मजबूत बल के साथ इलेक्ट्रोवीक अन्योन्यक्रिया के संयोजन की अनुमति देती है, को भौतिकी में बकाया अनसुलझी समस्याओं में से कुछ को समायोजित करने के लिए प्रस्तावित सुपरसिमेट्री जैसे उम्मीदवार सिद्धांतों के साथ एक संभावना के रूप में संघटित करते हैं। भौतिक विज्ञानी अभी भी आत्मनिर्भर एकीकरण मॉडल विकसित करने का प्रयास कर रहे हैं जो कि सभी चार मूलभूत अन्योन्यक्रिया को एक सिद्धांत में जोड़ देगा। आइंस्टीन ने इस प्रयास में कोशिश की और असफल रहे, लेकिन वर्तमान में इस प्रश्न का उत्तर देने के लिए सबसे लोकप्रिय दृष्टिकोण स्ट्रिंग सिद्धांत है ।: 212–219",1,1,0.7403297
"1 से बड़ी प्राकृत संख्या, जो अभाज्य नहीं होती है, को सम्मिश्र संख्या कहा जाता है। उदाहरण के लिए, 5 अभाज्य संख्या है क्योंकि इसके पूर्ण गुणक  1 और 5 ही हैं, जबकि 6 सम्मिश्र संख्या है क्योंकि 1 और 6 के अलावा यह 2 और 3 से विभाजित होता है। अंकगणितीय की मूलभूत प्रमेय  संख्या सिद्धांत में अभाज्य की केंद्रीय भूमिका स्थापित करती है: 1 से बड़ी किसी भी पूर्ण संख्या को अभाज्य के गुणनफल के रूप में व्यक्त किया जा सकता है जो क्रम चलने तक विशेष रहता है। इस प्रमेय की विशिष्टता के लिए 1 को अभाज्य के रूप में शामिल करना पड़ता है क्योंकि कोई भी 1 के कई उदाहरणों को किसी भी गुणनखंड में स्वेच्छा से शामिल कर सकता है , उदाहरण के लिए, 3, 1 · 3, 1 · 1 · 3, आदि सभी 3 के वैध गुणनखंड हैं।",1,1,0.9984669
"आर्थिक विकास की दिशा में तेजी से बढ़ने के साथ, भारत में गरीबी के मुद्दे पर ध्यान केंद्रित करना बहुत जरूरी है। वर्ष लगेंगे जब हमारे देश में आर्थिक विकास की दर सुधारने के लिए कठिन काम करना पड़ेगा। ""जबकि आर्थिक विकास में वृद्धि होती है, तो गरीबी में कमी नहीं होती है,"" यही कारण है कि हमें व्यापक रूप से इस मुद्दे पर ध्यान देना होगा। संयुक्त राष्ट्र के अनुसार, भारत में गरीबी की दर 22.2% है, जो कि दुनिया में सबसे अधिक है। इस मुद्दे को हल करने के लिए हमें विशेष प्रयास करने होंगे। हमें गरीब वर्गों को सक्षम बनाने के लिए व्यापक रूप से काम करना होगा। केंद्रीय भूमिका निभाने वाले कुछ कदम, जैसे कि गरीबों को रोजगार के अवसर प्रदान करने और उनके लिए बुनियादी सुविधाओं को स",0,1,0.9999951
"स्काई+एचडी मटेरियल एमपीईजी-4 का उपयोग करके प्रसारित की जाती हैं और अधिकांश एचडी मटेरियल डीवीबी-एस2 मानक का उपयोग करते हैं। इंटरैक्टिव सेवाएं और 7-दिवसीय ईपीजी प्रॉपराइटरी ओपनटीवी सिस्टम का उपयोग करते हैं, जिसमें सेट-टॉप बॉक्स होते हैं, जिसमें वापसी पथ के लिए मॉडेम भी शामिल है। स्काई न्यूज, अन्य चैनलों के साथ, लूपिंग वीडियो स्ट्रीम प्रसारित करके एक छद्म वीडियो ऑन-डिमांड इंटरैक्टिव सेवा प्रदान करता है।",1,1,0.9999999
"नरम शक्ति और लोकप्रिय संस्कृति का संयोजन: कोरियाई संचार की नई दिशा उत्तर कोरियाई और दक्षिण कोरियाई दोनों ही संचार के लिए अपनी विशिष्ट शैलियों को जाने जाते हैं। हाल ही में दिखाए गए 'धारावाहिक डलास' में दिखाई गई अमेरिकी जीवनशैली की तुलना से उत्तर कोरियाई लोगों की नरम शक्ति और लोकप्रिय संस्कृति को देखने के लिए लोग जाने लगे। शीत युद्ध के दौरान, कोरियाई द्वीप समूह को दो अलग-अलग राज्यों में बांट दिया गया था। इसने दोनों देशों की अलग-अलग संस्कृतियों को विकसित करने का मौका दिया। उत्तर कोरियाई संस्कृति में नरम शक्ति और लोकप्रिय संस्कृति का एक गहरा संबंध है। वैश्विक दृष्टिकोण से, उत्तर कोरियाई लोगों की नरम शक्ति और लोकप्रिय संस्कृति को समझने के लिए कहीं अधिक समय और प्रय",0,1,0.99998844
"12,843 (8.1%) अविवाहित विपरीत-लिंग की साझेदारी और 1,388 (0.9%) समान-लिंग वाले विवाहित जोड़े या साझेदारियाँ थीं। 35,064 (22.1%) घर मे एक ही व्यक्ति रहता था और 12,344 (7.8%) घरों मे 65 वर्ष या उससे अधिक उम्र के अकेले रहने वाले लोग थे। औसत घरेलू आकार 3.07 था। 111,529 परिवार (सभी घरों का 70.4%) थे; परिवार का औसत आकार 3.62 था।",1,1,0.99999833
"जर्मन सेना की स्थिति जर्मनी में प्रथम विश्व युद्ध के समय में बहुत खराब थी। जर्मनी के अधिकांश क्षेत्र विशेष प्रावधान के अधीन थे, और सामान्य रूप से इसके सैन्यीकृत क्षेत्र पर नियंत्रण नहीं था। जर्मन सेना की स्थिति को और खराब बनाने के लिए, एडॉल्फ हिटलर ने अपनी सेना को विशेष रूप से तैयार किया था, जिसमें जर्मनी में क्षेत्र होगा और विशेष थी। जर्मनी में जर्मन सेना की स्थिति को सुधारने के लिए, एडॉल्फ हिटलर ने विश्व युद्ध के समय में अपने सैन्य कार्यों को बदलने का फैसला किया था। उन्होंने सैन्यीकृत क्षेत्रों में से एक को अपने सेना के लिए जाने वाले प्रमुख क्षेत्रों में से एक माना था। इस फैसले से जर्मन सेना की स्थिति में सुधार हुआ, और जर्मन सेना के लिए नए क्षेत्र हुए। व",0,1,0.9915673
स्वीडन कंपनी एनर्जीप्रोजेक्ट  AB ने भाप की शक्ति का दोहन करने के लिए आधुनिक सामग्रियों का उपयोग करने में प्रगति की है। एनर्जीप्रोजेक्ट के भाप इंजन की दक्षता उच्च दबाव वाले इंजनों पर लगभग 27-30% तक पहुंच जाती है। यह अतितापित भाप वाला सिंगल-स्टेप 5 सिलिंडर इंजन (कोई कंपाउंड नहीं) है और इसमें लगभग 4 किलोग्राम (8.8 lb) भाप प्रति kWh की खपत होती है। [not in citation given],1,1,0.9999995
"फार्मेसी तकनीशियन के रूप में काम करने का अर्थ है कि आप स्वास्थ्य देखभाल पेशेवरों के रूप में काम करते हैं, जो रोगियों को फ़ार्मास्यूटिकल उपचार प्रदान करते हैं। फार्मेसी तकनीशियन ब्रिटेन में एक महत्वपूर्ण भूमिका निभाते हैं, जहां वे सीधी देखभाल के तहत रोगियों को दवा और अन्य स्वास्थ्य संबंधी सेवाएं प्रदान करते हैं। फ़ार्मेसी तकनीशियन में काम करने के लिए, आपको फ़ार्मास्यूटिकल काउंसिल की सिफारिशों का पालन करना होगा। इसका मतलब है के रूप में काम करने के लिए, आपको फ़ार्मेसी तकनीशियन के रूप में काम करने के लिए आवश्यक प्रशिक्षण और अनुभव प्राप्त करना होगा। फार्मेसी तकनीशियन की भूमिका में अन्य वरिष्ठ पेशेवरों के साथ मिलकर काम करना शामिल है, जो दवा और स्वास्थ्य सेवाओं के क्षेत्र में विशेषज्ञता रखते",0,1,0.99942434
"हाउटविले परिवार ने सालर्नो के राजकुमार गुइमार चतुर्थ को ""एपुलिया और कैलब्रिया के ड्यूक"" की घोषणा करके रियासत हासिल की। उन्होंने तुरंत अपने चुने हुए नेता को, विलियम आयरन आर्म को मैल्फी की राजधानी में काउंट की पदवी से सम्मानित किया। ड्रेंगोट परिवार ने इसके बाद केपुआ की रियासत प्राप्त की, और सम्राट हेनरी III ने 1047 में हूटविले नेता Drogo, as ""dux et magister Italiae comesque Normannorum totius Apuliae et Calabriae"" (ड्रोगो को वैध रूप से इटली के ड्यूक और मास्टर और पुरे अपुलिया और केलेब्रिआ के काउंट ऑफ़ नॉर्मन) के रूप में सम्मानित किया।",1,1,0.9999999
"क्लोरोप्लास्ट मेम्ब्रेन का महत्व क्लोरोप्लास्ट मेम्ब्रेन, जिसे बाहरी क्लोरोप्लास्ट और दोनों क्लोरोप्लास्ट भी कहा जाता है, क्लोरोप्लास्ट की एक महत्वपूर्ण विशेषता है। यह मेम्ब्रेन कोशिका मेम्ब्रेन के साथ एक विशेष संबंध बनाती है और इंडोसिम्बोटिक सायनोबैक्टिरिया के साथ संचार को संभालती है। क्लोरोप्लास्ट मेम्ब्रेन में दोहरी मेम्ब्रेन होती है, जिसमें एक मूल दोहरी मेम्ब्रेन और एक सतही दोहरी मेम्ब्रेन होती है। मूल दोहरी मेम्ब्रेन प्रायः प्रमाणित होती है और कोशिका मेम्ब्रेन के साथ संचार को संभालती है। क्लोरोप्लास्ट मेम्ब्रेन की गलत धारणाएं आम हैं। कुछ लोग मानते हैं कि यह मेम्ब्रेन केवल एक सामान्य मेम्ब्रेन है, लेकिन यह सच नहीं है। क्लोरोप्लास्ट मेम्ब्रेन की विशेषत",0,1,0.9998253
"रास्ते में, वाशिंगटन को ट्रेंट के पीछे हटने का पता चला। चूंकि तानाग्रिशों ने अंग्रेजों को समर्थन देने का वादा किया था, वाशिंगटन ने फोर्ट ड्यूक्सने की ओर चलना जारी रखा और मिंगो नेता से मिले। क्षेत्र में एक फ्रांसीसी स्काउटिंग पार्टी के बारे में पता चलने पर, वाशिंगटन, तानाग्रिशों और उनकी पार्टी के साथ, 28 मई को कनाडा के लोगों को अचंभित कर दिया, जिसे जुमोनविले ग्लेन की लड़ाई के रूप में जाना जाता है। उन्होंने अपने कमांडिंग ऑफिसर, जोसेफ कूलोन डी जुमोनविले सहित कई कनाडाई लोगों को मार डाला, जिनके सिर को कथित तौर पर तानाग्रिशों ने एक फरसे से खोल दिए थे। इतिहासकार फ्रेड एंडरसन का सुझाव है कि तानाग्रिसन ब्रिटिशों का समर्थन हासिल करने और अपने लोगों पर अधिकार वापस हासिल करने के लिए काम कर रहे थे। वे फ्रांसीसी का समर्थन करने के लिए इच्छुक थे, जिनके साथ उनके लंबे व्यापारिक संबंध थे। तानाग्रिशों के लोगों में से एक ने कॉन्ट्रेकुर को बताया कि जुमोनविले को ब्रिटिश मस्कट फायर द्वारा मार दिया गया था।",1,1,0.9999654
"आज, पादरी वर्ग में वे पुरुष और महिलाएं शामिल हैं जिन्हें बिशपों द्वारा बुजुर्ग और डिकॉन के रूप में नियुक्त किया जाता है और उन्हें विभिन्न मंत्रालयों में नियुक्त किया जाता है। यूनाइटेड मेथोडिस्ट चर्च के बुजुर्ग इसे दोहराते हैं और अपने बिशप के अधिकार और नियुक्ति के अधीन होते हैं। वे आम तौर पर स्थानीय मंडलों में पादरी के रूप में काम करते हैं। डिकॉन सेवा मंत्रालय में रहते हैं और संगीतकारों, वादकारियों, शिक्षकों, व्यवसाय प्रशासकों और कई अन्य क्षेत्रों में काम कर सकते हैं। बुजुर्गों और डिकॉन को कमीशनिंग से पहले और फिर अंततः समन्वय के लिए एक मास्टर डिग्री (आमतौर पर M.Div.), या एक अन्य समकक्ष डिग्री प्राप्त करने की आवश्यकता होती है। पूर्ण संपर्क वाले बुजुर्गों में से प्रत्येक अपने एनुअल कांफ्रेंस आर्डर ऑफ़ एल्डर्स का एक सदस्य होता है। इसी तरह प्रत्येक पूर्ण संपर्क वाले डिकॉन अपने एनुअल कांफ्रेंस आर्डर ऑफ डिकॉन के सदस्य होते हैं।",1,1,0.99935406
"इसे रोमन सम्राट हैड्रियन का पारिवारिक नाम दिया गया था, जिन्होंने इसे दूसरी शताब्दी AD में स्थापित किया था। इस दुर्लभ सम्मान से पता चलता है कि हैड्रियन ने इस स्थल का दौरा किया होगा और अपनी ब्रिटेन यात्रा के दौरान पुल का निर्माण किया होगा। इस अवधि में पोंस एलियस की जनसंख्या का अनुमान 2,000 लगाया गया। हैड्रियन की दीवार के टुकड़े अभी भी न्यूकैसल के कुछ हिस्सों में दिखाई देते हैं, खासकर वेस्ट रोड पर। ""रोमन वॉल"" पूर्व में वाल्सेंड -""वॉल एंड्स""- के सेगेडुनम रोमन किले की ओर जाती है और दक्षिण शील्ड्स में आपूर्ति किले अराबिया की ओर। हैड्रियन की दीवार का फैलाव ब्रिटेन की चौड़ाई में 73 मील (117 किमी) था; दीवार में ही Vallum बना हुआ था, समानांतर टीले के साथ पीछे की ओर एक बड़ी खाई। यह मुख्य रूप से बचाव के लिए बनाया गया था, ताकि अवांछित आव्रजन को रोका जा सके और उत्तर से पिक्टिश जनजातियों को रोका जा सके, न कि किसी बड़ी लड़ाई या  आक्रमण के लिए।",1,1,0.999987
"फिर उन्होंने एएफसी चैम्पियनशिप गेम में न्यू इंग्लैंड के 2-अंक के रूपांतरण के प्रयास के एक पास को इंटरसेप्ट करके मौजूदा सुपर बाउल XLIX चैंपियन न्यू इंग्लैंड पैट्रिओट्स को 17 सेकंड रहते हुए 20–18 से हराया। सीज़न के दौरान मैनिंग की इंटर्सेप्शन की समस्याओं के बावजूद, वे अपने दो प्लेऑफ़ गेम में कोई भी गेम नहीं हारे।",1,1,0.9999999
"किसी दी गई संख्या n की प्राणिकता को सत्यापित करने की सरल किन्तु धीमी विधि को परीक्षण विभाजन ( trial division) के रूप में जाना जाता है। इसमें उन परीक्षण को शामिल किया जाता है कि क्या n 2 और. के बीच किसी भी पूर्ण संख्या का बहुगुणक है। ट्रायल डिवीजन की तुलना में कहीं अधिक कुशल एल्गोरिदम को बड़ी संख्या की प्राणिकता का परीक्षण करने के लिए ईजाद किया गया है। इनमें मिलर-राबिन प्राणिकता परीक्षण शामिल है, जो तेज परीक्षण है लेकिन इसमें त्रुटि होने की थोड़ी बहुत संभावना रहती है, और AKS प्राणिकता परीक्षण, जो बहुपदीय के समय हमेशा सही उत्तर देता है, लेकिन व्यावहारिक तौर पर यह बहुत धीमा परीक्षण है । तीव्र विधियां प्रमुख रूप से विशेष रूपों की संख्या के लिए उपलब्ध हैं, जैसे कि मेर्सेन संख्या। जनवरी 2016 [अद्यतन] तक, सबसे बड़ी ज्ञात अभाज्य संख्या में 22,338,618 दशमलव अंक हैं।",1,1,0.9999845
"प्रतिरक्षा प्रणali और अनुकूलित प्रतिरक्षा की भूमिका प्रतिरक्षा प्रणाली में ढकना प्रतिरक्षा और अनुकूलित प्रतिरक्षा का महत्वपूर्ण स्थान है। जब आवश्यक होता है, तो प्रतिरक्षा प्रणाली वायरस को पहचानने और उन्हें नष्ट करने के लिए काम करती है। अनुकूलित प्रतिरक्षा प्रणाली का उद्देश्य शरीर की स्वास्थ्य स्थिति के अनुसार प्रतिरक्षा प्रणाली को संशोधित करना है, ताकि वह विभिन्न प्रकार के प्रतिजनों से सुरक्षित रह सके। प्रतिरक्षा प्रणाली की कार्यक्षमता को बढ़ाने के लिए, ढकना प्रतिरक्षा की भूमिका बहुत महत्वपूर्ण है। ढकना प्रतिरक्षा के माध्यम से, प्रतिरक्षा प्रणाली को प्रतिजनों के साथ संवाद करने की क्षमता मिलती है, जिससे वह उन्हें पहचान सके और उन्हें नष्ट कर सके। तंत्र अधिक जटिल ह",0,1,0.9994154
"दक्षिण पूर्व अमेरिकी राज्य अमेरिका में एक बड़ा शहर है, जो संयुक्त राज्य के राज्य अमेरिका में स्थित है। शहर है, जो अधिक आबादी वाला और बड़ा शहर है। यह शहर डुवल काउंटी में स्थित है, जो काउंटी सीट है और अधिकांश महानगरीय क्षेत्रों में शामिल है। शहर की अनुमानित जनसंख्या लगभग 100,000 है, जो यह शहर को अमेरिका में सबसे बड़े शहरों में से एक बनाता है। शहर का बड़ा आकार और अधिक आबादी के कारण, यह शहर अमेरिका में एक महत्वपूर्ण शहर है। शहर की संस्कृति और आर्थिक विकास को प्रभावित करने वाले कई कारक हैं, जिनमें से एक है शहर का महत्वपूर्ण सामाजिक और आर्थिक केंद्र। शहर के बारे में जानकारी के लिए, आप स्थानीय संसाधनों को देख सकते हैं या स्थानीय सरकार के वेबसाइट पर जा सकते हैं। शहर के बारे में अधिक जानकारी प्राप्त करने के ल",0,1,0.9880689
"पोंस एलियस: पारिवारिक नाम जो पूरे विश्व को आकर्षित करता है पोंस एलियस एक पारिवारिक नाम है जो पूरे विश्व में देखा जाता है, खासकर वेस्ट रोड पर। यह नाम विशेष रूप से दूसरी शताब्दी में पाया गया था, जब यह प्राचीन संस्कृति से प्रभावित था। पोंस एलियस को विशेष रूप से पारिवारिक नाम माना जाता है, क्योंकि यह विशेष रूप से व्यक्तियों को पहचानने के लिए उपयोग किया जाता है। वेस्ट रोड पर, पोंस एलियस को विशेष रूप से देखा जाता है, खासकर समानांतर टीले के आसपास। यह नाम विशेष रूप से पोंस एलियस बना वाले लोगों को पहचानने के लिए उपयोग किया जाता है, जो विशेष रूप से दुर्लभ सम्मान है। पोंस एलियस को पता चलता है कि यह नाम विशेष रूप से व्यक्तियों को आकर्षित करता है, जो इसकी सुंदरता",0,1,0.99908936
"पूरे अंतरराष्ट्रीय संघर्ष को सात वर्षीय युद्ध के रूप में जाना जाता है। ""सात वर्षीय"" यूरोप में 1756 में युद्ध की आधिकारिक घोषणा से लेकर 1763 में शांति संधि पर हस्ताक्षर करने तक की घटनाओं को संदर्भित करता है। ये तारीखें उत्तरी अमेरिका मुख्य भूमि पर लड़ाई के साथ मेल नहीं खाती हैं, जहां दो औपनिवेशिक शक्तियों के बीच लड़ाई मोटे तौर पर छह साल में संपन्न हुई थी, 1754 में जुमोनविले ग्लेन के युद्ध से लेकर 1760 में मॉन्ट्रियल पर कब्जा करने तक।",1,1,0.9999999
"यूनाइटेड मेथोडिस्ट चर्च का संक्षिप्त इतिहास यूनाइटेड मेथोडिस्ट चर्च की स्थापना जॉन वेस्ले द्वारा 18वीं शताब्दी के मध्य में की गई थी। उन्होंने अपने प्रसिद्ध धर्मोपदेशों के माध्यम से चर्च को समर्थन दिया। चर्च के मंत्रियों ने ऐतिहासिक रूप से समुदायों को प्रभावित किया है, जिसमें से कुछ प्रमुख नेताओं का नाम हमारे चर्च के पवित्र कम्युनियन में है। हालांकि, चर्च की स्थापना के बाद से, हमने कई चुनौतियों का सामना किया है। हमने कई चेतावनियां दी हैं, लेकिन हमने अभी तक कोई महत्वपूर्ण संकल्प नहीं लिया है। हमारे वफादार गवाहों ने हमें प्रभावी ढंग से संकल्प लेने में मदद की है, लेकिन हमने अभी तक कोई महत्वपूर्ण बदलाव नहीं लिया है। हमारे चर्च के लंबे इतिहास में, हमने कई महत्वपूर्ण संकल्प लिए हैं,",0,1,0.99999535
"सरकार के अस्तित्व का पक्ष लेने वाले अन्य नागरिक अवज्ञाकर्ता भी अपनी  सरकार विशेष की वैधता में विश्वास नहीं करते हैं, या किसी विशेष कानून की वैधता में विश्वास नहीं करते हैं। और फिर भी अन्य नागरिक अवज्ञाकर्ता, अराजकतावादी होने के नाते, किसी भी सरकार की वैधता में विश्वास नहीं करते हैं, और इसलिए आपराधिक कानून के उल्लंघन के लिए सजा को स्वीकार करने की कोई आवश्यकता नहीं मानते हैं जिनसे  दूसरों के अधिकारों का उल्लंघन नहीं होता है।",1,1,0.99998903
"प्रत्येक पैकेट (each packet), sequencing ensures that the data is transmitted in the सही क्रम (correct order). This is essential for maintaining the integrity of the data and ensuring that it reaches its intended destination. In a कनेक्शन-ओरिएंटेड सिस्टम (connection-oriented system), sequencing is a critical aspect of data transmission. The अनुक्रम संख्या (sequence number) is used to identify the position of each packet in the sequence, allowing the receiver to reconstruct the original मूल संदेश (original message) in the सही क्रम. This ensures that the data is transmitted accurately and reliably. However, in a कनेक्शन-ओरिएंटेड सिस्टम, मध्यवर्ती (middle) packets may be lost or corrupted, leading to संभावित रूप (potential) errors in the data transmission. To mitigate this, data transmission protocols such as TCP (Transmission Control Protocol) use a कनेक्शन-ओरिएंटेड मोड (connection-oriented mode) that ensures the data is transmitted in the सही क्रम. In addition to sequencing, data transmission protocols also use कनेक्शन रहित (connectionless) modes to transmit data. In these modes, the data is transmitted without a connection, and the स्रोत पते (source address) and अलग-अलग रूट (different routes) are used to determine the destination. However, this mode is more prone to errors and requires",0,1,0.99984264
"बुश और बराक ओबामा; चिली के राष्ट्रपति सेबेस्टियन पिनेरा; कोलंबिया के राष्ट्रपति जुआन मैनुअल सैंटोस; कोस्टा रिका के राष्ट्रपति जोस मारिया फिगर्स; मैक्सिको के राष्ट्रपतियों फेलिप काल्डेरोन, कार्लोस सेलिनास डे गोर्टारी और मिगुएल डे ला मैड्रिड; मंगोलियाई राष्ट्रपति त्सखिआगिन एल्बेगडोर; पेरू के राष्ट्रपति एलेजांद्रो टोलेडो; ताइवान के राष्ट्रपति मा यिंग-जेउ; कनाडा के गवर्नर जनरल डेविड लॉयड जॉनसन; भारतीय संसद सदस्य जयंत सिन्हा; अल्बानियाई प्रधानमंत्री फैन एस. नोली; कनाडा के प्रधान मंत्री मैकेंज़ी किंग और पियरे ट्रूडो; ग्रीक प्रधान मंत्री एंटोनीस समरस; इजरायल के प्रधानमंत्री बेंजामिन नेतन्याहू; पूर्व पाकिस्तानी प्रधानमंत्री बेनजीर भुट्टो; आवास और शहरी विकास के सचिव शॉन डोनोवन; कनाडाई राजनीतिक नेता माइकल इग्नाटिएफ़; प्रांतीय विधानसभा के पाकिस्तानी सदस्य मुर्तजा भुट्टो और सनम भुट्टो; बांग्लादेश के वित्त मंत्री अबुल मौल अब्दुल मुहिथ; पुंटलैंड के राष्ट्रपति अब्दिवेली मोहम्मद अली; यूरोपीय संघ के अमेरिकी राजदूत एंथोनी लुजत्सो गार्डनर।",1,0,0.16381694
"आधार बनाया: सऊदी अरब की शक्तिशाली आर्थिक आधार की कहानी सऊदी अरब की शक्तिशाली आर्थिक आधार की कहानी को समझने के लिए, हमें इस्लामवादी शासन की विशेषताओं को समझना होगा। इस्लामवादी शासन के तहत, सऊदी अरब ने अपनी आर्थिक व्यवस्था को मजबूत बनाने के लिए कई महत्वपूर्ण कदम उठाए हैं। इस्लामवादी शासन के तहत, सऊदी अरब ने अपने बैंकिंग प्रणाली को मजबूत बनाने के लिए कई महत्वपूर्ण कदम उठाए हैं। विशेष रूप से, इस्लामवादी शासन के तहत, सऊदी अरब ने अपनी बैंकिंग प्रणाली को शक्तिशाली और स्थिर बनाने के लिए कई महत्वपूर्ण कदम उठाए हैं। इस्लामवादी शासन के तहत, सऊदी अरब ने अपने शासन को मजबूत बनाने के लिए कई महत्वपूर्ण कदम उठाए हैं। विशेष रूप से, इस्लामवादी शासन के तहत, सऊदी अरब ने अपन",0,0,0.007889696
"क्रांतिकारी सविनय अवज्ञा एक सरकार को उखाड़ फेंकने के एक सक्रिय प्रयास है (या सांस्कृतिक परंपराओं, सामाजिक रीति-रिवाजों, धार्मिक मान्यताओं, आदि को बदलने के लिए अधिक है ... क्रांति के लिए राजनीतिक होना जरूरी नहीं है , ""सांस्कृतिक क्रांति"", इसका तात्पर्य सामाजिक ताने-बाने के एक भाग में बदलाव और व्यापक परिवर्तन है)। गांधी के काम को क्रांतिकारी सविनय अवज्ञा बताया गया है। यह दावा किया गया है कि ऑस्ट्रियाई सरकार के खिलाफ फेरेन डेक के नेतृत्व में हंगेरियन क्रांतिकारी नागरिकों ने अवज्ञा की। थोरो ने ""शांतिप्रिय क्रांति"" को पूर्ण करने वाले सविनय अवज्ञा के बारे में भी लिखा। हॉवर्ड ज़िन, हार्वे व्हीलर, और अन्य लोगों ने स्वतंत्रता की घोषणा में सही पक्ष की पहचान की है जो एक नागरिक को अवज्ञा के सिद्धांत के रूप में अन्यायपूर्ण सरकार को ""बदलने या समाप्त करने"" के लिए है।",1,1,0.9999317
"1955 में,ईरो सारीनेन को एक दूसरा मास्टर प्लान विकसित करने के लिए अनुबंधित किया गया था, जिसके कारण मिडवे के उत्तर और दक्षिण दोनों भवनों का निर्माण हुआ, जिसमें द लेयर्ड बेल लॉ प्रांगण (सारीनेन द्वारा डिज़ाइन किया गया एक कॉम्प्लेक्स) शामिल है; कला भवनों की एक श्रृंखला; यूनिवर्सिटी के के लिए लुडविग माइस वैन डेर रोहे द्वारा डिजाइन की गई एक इमारत स्कूल ऑफ सोशल सर्विस एडमिनिस्ट्रेशन; और एडवर्ड ड्यूरेल स्टोन द्वारा डिजाइन की गई एक इमारत हैरिस स्कूल ऑफ पब्लिक पॉलिसी स्टडीज और कैंपस की सबसे बड़ी इमारत रेजेनस्टाइन लाइब्रेरी का घर बन गई है। शिकागो फर्म स्किडमोर, वालिंग्स और मेरिल के वाल्टर नेट्च द्वारा एक ब्रूटलिस्ट संरचना डिजाइन की गई। 1999 में एक और मास्टर प्लान डिजाइन किया गया था और 2004 में अपडेट किया गया था, गेराल्ड रैटनर एथलेटिक्स सेंटर (2003), मैक्स पैलेव्स्की रेजीडेंशियल्स कॉमन्स (2001), साउथ कैंपस रेजिडेंस हॉल और डाइनिंग कॉमन (2009), बच्चों का एक नया अस्पताल, और अन्य निर्माण, विस्तार और पुरानी इमारतों की मरम्मत की गयी। 2011 में, विश्वविद्यालय ने रिका मनसुइटो लाइब्रेरी को कांच से गुंबद के आकार वाला बनाया, जो विश्वविद्यालय के पुस्तकालय के लिए एक भव्य वाचनालय प्रदान करता है और एक ऑफ-कैंपस के लिए किताब के संग्रहण की आवश्यकता को रोकता है।",1,1,0.9996611
"अफ्रीका में मुख्य रूप से भूमिका निभाई, पश्चिम अफ्रीका, पूर्वी अफ्रीका, साथ-साथ दक्षिण अफ्रीका, साथ-साथ कैथोलिक, बादअपने विश्वव्यापी में सफलता, दक्षिण-पूर्व एशिया, अन्य विजय, दक्षिण प्रशांत, कच्चे माल प्रदान किया, निर्मित वस्तुओं बनाना। Here is the article based on the keywords: अफ्रीका में मुख्य रूप से भूमिका निभाई, पश्चिम अफ्रीका, पूर्वी अफ्रीका, साथ-साथ दक्षिण अफ्रीका, साथ-साथ कैथोलिक, बादअपने विश्वव्यापी में सफलता प्राप्त की है। अफ्रीका में विभिन्न देशों में विभिन्न उद्योगों को बढ़ावा देने और विकसित करने के लिए कई प्रयास किए गए हैं। पश्चिम अफ्रीका में ग्रेनाइट, स्टील और अन्य कच्चे माल प्रदान किया गया है, जबकि पूर्वी अफ्रीका में कॉफी और अन्य खाद्य पदार्थ प्रदान किए गए हैं। साथ",0,1,0.9999926
"वह 39 में उम्र में एक सुपर बाउल खेलने वाले सबसे अधिक उम्र के क्वार्टरबैक भी हैं। पिछला रिकॉर्ड जॉन एलवे के नाम था, जिन्होंने 38 की उम्र में सुपर बाउल XXXIII जीतने में ब्रोंकोस का नेतृत्व किया और वर्तमान में डेनवर के फुटबॉल संचालन के कार्यकारी उपाध्यक्ष और महाप्रबंधक हैं।",1,1,0.9999999
"हिंदी में लिखित पूर्ण लेख के लिए, मैं आपके द्वारा प्रदान किए गए कुछ शब्दों का उपयोग करूंगा। शब्दों के बारे में विस्तार से जानकारी प्राप्त करने के लिए मैं आपकी सहायता लूंगा। शब्द: 'रूप में', 'पैसा कमाया', 'स्तर थे।', 'नाम दिया।', 'अंततः उन्होंने', 'लोकप्रिय संस्कृति', 'आद्यप्ररूपीय पागल', 'पागल वैज्ञानिक', 'अलग-अलग स्तर', 'भाग न्यूयॉर्क', 'कार्य सापेक्ष', 'सापेक्ष अस्पष्टता', 'वेट एंड', 'एंड मेजर्स', 'सामान्य सम्मेलन' रूप में मेरे द्वारा लिखे गए लेख के विषय में जानकारी प्राप्त करने के लिए, मैं आपकी सहायता लूंगा। आप मुझे बताएं कि आप लेख को किस विषय पर लिखना चाहते हैं। मैं आपके द्वारा दिए गए शब्दों का उपयोग करके एक लाभकारी और संपूर्ण लेख लिखने",0,1,0.99999154
"1979 में एक स्कॉटिश विधानसभा की स्थापना के लिए स्कॉटिश विचलन जनमत संग्रह विफल रहा। हालांकि स्कॉटिश विधानसभा के पक्ष में 51.6% वोट थे, यह आंकड़ा कुल मतदाताओं की संख्या के 40% के बराबर भी नहीं था, जो उपाय को पारित करने के लिए आवश्यक माना जाता है, क्योंकि 32.9% योग्य मतदान आबादी, ने वोट ही नहीं किया या करने में असमर्थ रही।",1,1,0.99999964
"ह्यूगनॉट्स की उत्पत्ति उत्तरी अमेरिका में हुई थी, जहां वे अपने पूर्व छात्रों के साथ अपने जीवन को साझा करने और समुदाय बनाने के लिए आयोजित किए गए थे। ह्यूगनॉट्स अधिकतर पूर्व छात्रों द्वारा आयोजित किए गए थे, जो कि मिशिगन के विंडसोर में उनके पूर्व छात्रों के साथ एक सामुदायिक केंद्र के रूप में स्थापित किए गए थे। औपनिवेशिक काल के दौरान, ह्यूगनॉट्स ने अमेरिका में अपने योगदान को बढ़ाया, जिसमें उन्होंने अपने समुदाय के लिए एक सामाजिक सेवा कार्यक्रमों को स्थापित किया और स्थानीय समुदायों के साथ सहयोग किया। संघीय काल के दौरान, ह्यूगनॉट्स ने अपने समुदाय के लिए एक आर्थिक विकास कार्यक्रमों को स्थापित किया, जिसमें उन्होंने अपने समुदाय के सदस्यों को आर्थिक संसाधनों के साथ",0,1,0.9988128
"मानव पूंजी का महत्व मानव पूंजी का महत्व निरंतर बढ़ता जा रहा है, और यह एक महत्वपूर्ण घटक है जो आर्थिक विकास में योगदान करता है। मानव पूंजी का अर्थ है कि किसी व्यक्ति की शिक्षा, कौशल, अनुभव और अन्य सामाजिक और व्यक्तिगत गुणों की संख्या है। यह स्वास्थ्य, शिक्षा, रोजगार और अन्य क्षेत्रों में महत्वपूर्ण भूमिका निभाता है। पूंजी निर्माण के लिए मानव पूंजी की आवश्यकता होती है, जो आर्थिक विकास को बढ़ावा देती है। हालांकि, मानव पूंजी का निर्माण निम्न स्तरीय समाजों में अधिक मुश्किल हो सकता है, जहां शिक्षा और स्वास्थ्य सेवाओं की कमी होती है। है। पेरोटी ने दिखाया है कि मानव पूंजी का निर्माण उच्च स्तरीय समाजों में अधिक आसान हो सकता है, जहां शिक्षा और स्वास्थ्य सेवाएं अधिक उपलब्ध होती हैं।",0,1,0.9996927
"अनुकूलित प्रतिरक्षा प्रणाली: कशेरुकियों में एक शक्तिशाली सुरक्षा प्रणाली कशेरुकियों में अनुकूलित प्रतिरक्षा प्रणाली एक शक्तिशाली सुरक्षा प्रणाली है जो उनकी जीवनशैली और वातावरण के अनुकूल होने की अनुमति देती है। यह प्रणाली प्रतिरक्षा प्रणाली के एक महत्वपूर्ण हिस्सा है, जो शरीर को संक्रमण और रोगों से बचाती है। अनुकूलित प्रतिरक्षा प्रणाली के माध्यम से, कशेरुकियों को अपने वातावरण में रहने के लिए अनुकूलित किया जा सकता है। यह प्रणाली विशिष्ट लिम्फोसाइट-व्युत्पन्न, जैसे कि थीह्यूमन टी-री (Th1) और टी-2 (Th2) को उत्पन्न करती है, जो संक्रमण के खिलाफ लड़ने के लिए आवश्यक होते हैं। विकास जबड़े वाले कशेरुकियों में, अनुकूलित प्रतिरक्षा प्रणाली को बड़ी श्रृंखला में व",0,1,0.9999511
"स्टीवन मोफ़ात ने साथी को शो का मुख्य पात्र बताया, क्योंकि कहानी प्रत्येक साथी के साथ नए सिरे से शुरू होती है और वह डॉक्टर की तुलना में अधिक परिवर्तन से गुजरती है। रोज टायलर (बिली पाइपर), मार्था जोन्स (फ्रीमा अग्येमैन) और डोना नोबल (कैथरीन टेट) ने नौवें और दसवें डॉक्टरों की मुख्य साथी और  मिक्की स्मिथ (नोएल क्लार्क) और जैक हरकनेस (जॉन बैरोमैन) ने द्वितीयक साथी के रूप में कई बार काम किया था। द एलेवेंथ डॉक्टर एक विवाहित जोड़े, एमी पॉन्ड (करेन गिलन) और रोरी विलियम्स (आर्थर डारविल) के साथ यात्रा करने वाले पहले व्यक्ति बन गए, जबकि रिवर सॉन्ग (एलेक्स किंग्स्टन) और क्लारा वेस्वाल्ड (जेना कोलमैन) के साथ बेमेल मुलाक़ातों ने कहानी में घुमाव दिए। दसवीं श्रृंखला पर्ल मैककी  को बिल के रूप में पेश करेगी, जो डॉक्टर की सबसे नया यात्रा की साथी हैं।",1,1,0.9999976
"जॉन डब्ल्यू वीक्स पुल दोनों परिसरों को जोड़ने वाली चार्ल्स नदी पर बना एक पैदल यात्री पुल है। हार्वर्ड मेडिकल स्कूल, हार्वर्ड स्कूल ऑफ़ डेंटल मेडिसिन, और हार्वर्ड स्कूल ऑफ़ पब्लिक हेल्थ, लॉन्गवुड मेडिकल और अकादमिक क्षेत्र में 21 एकड़ (8.5 हेक्टेयर) के परिसर में स्थित है, जो बोस्टन डाउनटाउन से लगभग 3.3 मील (5.3 किमी) दक्षिण-पश्चिम बोस्टन में और कैम्ब्रिज परिसर के दक्षिण में 3.3 मील (5.3 किमी) दूरी पर स्थित है  ।",1,1,0.9999999
"निर्माण के बाद, अप्रैल 1991 में इसे फिर से स्थापित किया गया। कई संकेतकों के अनुसार, आज वारसॉ स्टॉक एक्सचेंज (WSE), इस क्षेत्र का सबसे बड़ा मार्केट है, जिसमें 31 अगस्त 2009 तक 374 कम्पनियाँ सूचीबद्ध थी और कुल 162 584 मिलियन EUR का पूंजीकरण था। 1991 से 2000 तक, स्टॉक एक्सचेंज की इमारत जहाँ स्थित थी पहले वह पोलिश यूनाइटेड वर्कर्स पार्टी (PZPR) के मुख्यालय के रूप में उपयोग किया किया गया था।",1,1,0.9999999
"स्कॉटिश संसद के सदस्यों के लिए योग्यताएं और आवश्यकताएं स्कॉटिश संसद में स्थित, स्कॉटिश संसद के सदस्यों के लिए निर्वाचित Member of the Parliament (MSP) की भूमिका महत्वपूर्ण है। MSP के रूप में, वे आयरलैंड गणराज्य के राष्ट्रमंडल देशों के रूप में स्कॉटिश संसद में प्रतिनिधित्व करते हैं। स्कॉटिश संसद के सदस्यों के लिए योग्यताएं और आवश्यकताएं निम्नलिखित हैं: * नागरिकता: MSP के लिए, व्यक्ति स्कॉटिश नागरिक होना चाहिए। * उम्र: MSP के लिए, व्यक्ति की आयु 18 वर्ष से अधिक होनी चाहिए। * शैक्षिक योग्यता: MSP के लिए, व्यक्ति को कम से कम स्नातक की डिग्री होनी चाहिए। * सिविल सेवा पृष्ठभूमि: MSP के लिए, व्यक्ति को सिविल सेवा के साथ संबंधित अनुभव होना चाहिए। * कॉमन्स डिसक्वालिफिकेशन: MSP के लिए, व्यक",0,1,0.99678683
